model,acc,tpr
RandomForestClassifier(),0.9958787165145717,0.9958787165145717
